,,Auditoria de Linkagem Interna: kumon.com.br/ ,,,,,,,
,,,,,,,,,
,,,,,,,,,
#1,URL da Página Pilar,,,Produto/Serviço,,,,,Data de Implementação
https://www.kumon.com.br/blog/japones/o-que-e-jlpt/,,,,,,,,,22/10/2025
,,,,,,,,,
,URL página,,Texto Âncora,,,Parágrafo em que podemos vincular à página pilar,,Otimização Implementada,
1,https://www.kumon.com.br/blog/japones/como-morar-no-japao/,,JLPT,,,"Inserir a marcação do hiperlink na âncora sinalizada em negrito:

Para você ter uma ideia, grande parte das empresas exige no mínimo o nível JLPT N2 de proficiência, algo como um nível fluente para negócios. O mesmo acontece nas universidades e escolas técnicas.",,TRUE,
2,https://www.kumon.com.br/blog/japones/livros-para-aprender-japones/,,nível de proficiência,,,"Inserir a marcação do hiperlink na âncora sinalizada em negrito:

Diversos fatores, como seu nível de proficiência, seus objetivos pessoais e o formato de aprendizado preferido, devem ser considerados na hora de decidir quais livros para aprender japonês utilizar. Abaixo estão dicas detalhadas para orientar essa escolha:  ",,TRUE,
3,https://www.kumon.com.br/blog/japones/kanji/,,"JLPT, o teste de proficiência em língua japonesa",,,"Adicionar trecho em laranja e inserir a marcação do hiperlink na âncora sinalizada em negrito:

Um curso vai sistematizar o seu aprendizado, motivar, esclarecer dúvidas, planejar e propor um caminho para você aprender e dominar os kanjis. Além disso, o simples fato de estar matriculado já é suficiente para aumentar o comprometimento com seus objetivos.

Aproveite e conheça o JLPT, o teste de proficiência em língua japonesa!",,TRUE,
4,https://www.kumon.com.br/blog/japones/saudacoes-em-japones/,,O que é JLPT e como funciona o teste de proficiência em japonês?,,,"Adicionar trecho em laranja e inserir a marcação do hiperlink na âncora sinalizada em negrito:

É uma palavra comum para receber visitas ou turistas, mostrando hospitalidade e acolhimento.

Confira também: O que é JLPT e como funciona o teste de proficiência em japonês?",,TRUE,
5,https://www.kumon.com.br/blog/japones/numeros-em-japones/,,O que é JLPT (Exame de Proficiência em Língua Japonesa)?,,,"Adicionar trecho em laranja e inserir a marcação do hiperlink na âncora sinalizada em negrito:

Se possível, participe de rodas de conversação, grupos de estudo ou utilize recursos de áudio. Quanto mais você ouvir e falar, mais natural será usar os números no dia a dia.

Leia também: O que é JLPT (Exame de Proficiência em Língua Japonesa)?",,TRUE,
6,https://www.kumon.com.br/blog/japones/alfabeto-japones/,,JLPT. teste de proficiência em língua japonesa.,,,"Adicionar trecho em laranja e inserir a marcação do hiperlink na âncora sinalizada em negrito:

Ao ouvir, falar, ler e escrever palavras e estruturas gramaticais do material didático, ele torna-se capaz de se comunicar, ler livros e revistas e compreender letras de músicas e filmes no idioma japonês, aproximando-se cada vez mais da cultura japonesa.

Aproveite para saber também sobre o JLPT. teste de proficiência em língua japonesa.",,TRUE,
7,https://www.kumon.com.br/blog/japones/qual-a-diferenca-entre-chines-japones-e-coreano-aprenda-quais-sao/,,O que é JLPT e como funciona o exame?,,,"Adicionar trecho em laranja e inserir a marcação do hiperlink na âncora sinalizada em negrito:

Não existe uma regra única para o uso dos honoríficos. Tudo depende da relação entre as pessoas e do grau de formalidade da situação. Mas saber usá-los corretamente demonstra respeito e boa educação.

Saiba também: O que é JLPT e como funciona o exame?",,TRUE,
8,https://www.kumon.com.br/blog/japones/como-se-diz-obrigado-em-japones/,,JLPT e como funciona o teste de proficiência em língua japonesa!,,,"Adicionar trecho em laranja e inserir a marcação do hiperlink na âncora sinalizada em negrito:

5. Considere métodos como o Kumon: Com o método Kumon, você pode desenvolver seu aprendizado de forma autônoma, respeitando seu ritmo, e contar com o suporte de um orientador preparado para tirar suas dúvidas.

Confira também sobre o JLPT e como funciona o teste de proficiência em língua japonesa!",,TRUE,
9,https://www.kumon.com.br/blog/japones/como-aprender-japones/,,O que é JLPT?,,,"Adicionar trecho em laranja e inserir a marcação do hiperlink na âncora sinalizada em negrito:

O hiragana é o alfabeto usado para palavras de origem japonesa. Ele é formado por 46 caracteres que representam sons, assim como acontece na língua portuguesa com as sílabas. Os sons e símbolos são formados com base na combinação de consoantes e vogais.

Veja também: O que é JLPT?",,TRUE,
10,https://www.kumon.com.br/blog/japones/adjetivos-em-japones/,,"Como funciona o JLPT, o exame de proficiência em japonês?",,,"Adicionar trecho em laranja e inserir a marcação do hiperlink na âncora sinalizada em negrito:

5. Revisite constantemente: A repetição espaçada é fundamental para a memorização de longo prazo.

Confira também: Como funciona o JLPT, o exame de proficiência em japonês?",,TRUE,