"","","Auditoria de Linkagem Interna: neilpatel.com ","","","","","","","","",""
"","","","","","","","","","","",""
"","","","","","","","","","","",""
"#1","URL da Página Pilar","","","Produto/Serviço","","","","","Data de Implementação","",""
"https://neilpatel.com/br/blog/geo-vs-seo/","","","","","","","","","19/12/2025","",""
"","","","","","","","","","","",""
"","ONDE INSERIR O LINK (URL DE ORIGEM)","PARA ONDE APONTA (URL DE DESTINO)","TEXTO DO LINK (ÂNCORA)","TIPO DA AÇÃO","SCORE (CONFIANÇA)","TEMA DO DESTINO","INSTRUÇÃO DE EDIÇÃO","TEXTO PARA REESCREVER (SE NECESSÁRIO)","PARÁGRAFO LOCALIZADOR (ONDE O LINK ENTRA)","STATUS","POR QUE LINKAR? (JUSTIFICATIVA SEMÂNTICA)"
1,"https://neilpatel.com/br/blog/pagina-inicial/","https://neilpatel.com/br/blog/geo-vs-seo/","tráfego orgânico","exact","0.92","Otimização para Mecanismos de Busca","Inserir o hiperlink na âncora existente ""tráfego orgânico"".

Contexto: ""...Todo aquele tráfego orgânico que você trabalhou tão duro para conseguir está saindo do seu site sem lhe dar nada em troca pelo seu conteúdo....""","","Todo aquele tráfego orgânico que você trabalhou tão duro para conseguir está saindo do seu site sem lhe dar nada em troca pelo seu conteúdo.",TRUE,"N/A"
2,"https://neilpatel.com/br/blog/geo-vs-seo/","https://neilpatel.com/br/blog/pagina-inicial/","buscas","exact","0.84","Otimização de Conversão","Inserir o hiperlink na âncora existente ""buscas"".

Contexto: ""...Por exemplo, o _interesse global por “AI SEO”, “AI Citation” e “AI Ranking” disparou nos últimos meses em buscas nos Estados Unidos....""","","Por exemplo, o _interesse global por “AI SEO”, “AI Citation” e “AI Ranking” disparou nos últimos meses em buscas nos Estados Unidos.",TRUE,"N/A"
3,"https://neilpatel.com/br/blog/geo-vs-seo/","https://neilpatel.com/br/blog/notificacao-push/","buscas","exact","0.84","Estratégias de Vendas","Inserir o hiperlink na âncora existente ""buscas"".

Contexto: ""...Por exemplo, o _interesse global por “AI SEO”, “AI Citation” e “AI Ranking” disparou nos últimos meses em buscas nos Estados Unidos....""","","Por exemplo, o _interesse global por “AI SEO”, “AI Citation” e “AI Ranking” disparou nos últimos meses em buscas nos Estados Unidos.",TRUE,"N/A"
4,"https://neilpatel.com/br/blog/notificacao-push/","https://neilpatel.com/br/blog/geo-vs-seo/","notificações push","exact","0.84","Técnicas de SEO e GEO","Inserir o hiperlink na âncora existente ""notificações push"".

Contexto: ""...# Como utilizar notificações push para engajar clientes...""","","# Como utilizar notificações push para engajar clientes",TRUE,"N/A"
5,"https://neilpatel.com/br/blog/pagina-inicial/","https://neilpatel.com/br/blog/geo-vs-seo/","conversões","exact","0.84","Estratégias de Conteúdo","Inserir o hiperlink na âncora existente ""conversões"".

Contexto: ""...Você precisa de conversões ASAP....""","","Você precisa de conversões ASAP.",TRUE,"N/A"
6,"https://neilpatel.com/br/blog/pagina-inicial/","https://neilpatel.com/br/blog/geo-vs-seo/","homepage","exact","0.84","Autoridade e Link Building","Inserir o hiperlink na âncora existente ""homepage"".

Contexto: ""...# How to Make Your Homepage Actually Convert...""","","# How to Make Your Homepage Actually Convert",TRUE,"N/A"
7,"https://neilpatel.com/br/blog/como-usar-o-facebook-live/","https://neilpatel.com/br/blog/geo-vs-seo/","Facebook Live","exact","0.84","Técnicas de SEO e GEO","Inserir o hiperlink na âncora existente ""Facebook Live"".

Contexto: ""...# Como Usar o Facebook Live para que Todos Conheçam sua Marca...""","","# Como Usar o Facebook Live para que Todos Conheçam sua Marca",TRUE,"N/A"